עונה,שם מלא,גיל,סטטוס,עיר מגורים,מין,Days in game,week eliminated,entered week
1,אשר סימוני,30,נשוי+2,טבריה,ז,44,7,1
1,עינב בובליל,23,רווקה,אשקלון,נ,107,15,1
1,קרן חסיס,25,רווקה,הרצליה,נ,37,6,1
1,צבר גדיש,27,רווק,בנימינה,ז,72,11,1
1,רנין בולוס,24,זוגיות,נווה שלום,נ,86,13,1
1,ערן זילברמן,26,רווק,תל אביב,ז,23,4,1
1,בוריס שניידרובסקי,22,רווק,רעננה,ז,9,2,1
1,לאון שניידרובסקי,22,רווק,רעננה,ז,107,15,1
1,נעמה פרידמן,34,נשואה+2,לימן,נ,26,5,1
1,ונסה אלוש,27,רווקה,ביתן אהרון,נ,65,10,1
1,איתי זיו,28,רווק,תל אביב,ז,107,15,1
1,מיקי לוין,31,נשואה+1,רמת השרון,נ,16,3,1
1,שי שטרית,26,זוגיות,חדרה,ז,51,8,1
1,ג'ני טוקרב,23,זוגיות,כפר סבא,נ,28,5,1
1,שפרה קורנפלד,27,רווקה,ירושלים,נ,107,15,1
1,יוסי בובליל,55,נשוי+3,אשקלון,ז,107,15,1
1,חגית רונן מימון,43,נשואה+2,באר שבע,נ,79,12,9
1,יוני וינקל,30,רווק,ערד,ז,93,14,9
1,אינה ברוורמן,22,רווקה,עכו,נ,93,14,9
1,שחר בן דוד,28,רווק,צור יגאל,ז,100,15,9
עונה,שם מלא,גיל,סטטוס,עיר מגורים,מין,Days in game,week eliminated,entered week
1VIP,שימי תבורי,56,"גרוש בשלישית+7, בזוגיות",ארצות הברית,ז,31,4,1
1VIP,מנחם בן,60,נשוי בשנית+6,כרמיאל,ז,31,4,1
1VIP,שרונה פיק,28,רווקה,רמת השרון,נ,29,4,1
1VIP,דניאלה פיק,25,רווקה,רמת השרון,נ,17,3,1
1VIP,קורין אלאל,54,זוגיות+2,גנות,נ,31,4,1
1VIP,עדי נוימן,26,רווקה,ניו יורק,נ,29,4,1
1VIP,יוסי מילשטיין,31,נשוי+3,?,ז,10,2,1
1VIP,פנינה טורנה,46,נשואה+1,ארצות הברית,נ,31,4,1
1VIP,אמיר פיי גוטמן,32,מאורס,קריית חיים,ז,24,4,1
1VIP,מאיה בוסקילה,31,רווקה,תל אביב,נ,24,4,1
1VIP,גיא לובלצ'יק,19,רווק,?,ז,29,4,1
1VIP,כוכי מרדכי,37,גרושה+1,?,נ,17,3,1
1VIP,דודי מליץ,27,זוגיות,תל אביב,ז,31,4,1
עונה,שם מלא,גיל,סטטוס,עיר מגורים,מין,Days in game,week eliminated,entered week
2,אביב סביון,26,רווק,נווה מונסון,ז,31,5,1
2,שרה לוין,61,נשואה+3,תל אביב,נ,63,10,1
2,אלין לוי,19,זוגיות,ראשון לציון,נ,110,16,1
2,מעיין חודדה,22,נשואה,קריית טבעון,נ,15,3,1
2,מוטי חודדה,32,נשוי,קריית טבעון,ז,15,3,1
2,יוסף נתן בכר,31,רווק,עולש,ז,49,8,1
2,דלית לאומי,31,גרושה+1,תל אביב,נ,10,2,1
2,בנצי שני,46,נשוי+3,מודיעין,ז,36,6,1
2,"ג'ילדה ""ג'י"" שמש",28,גרושה+1,רמלה,נ,22,4,1
2,ארז דה דרזנר,31,זוגיות,חיפה,ז,105,16,1
2,אלירז שדה,27,רווק,חדרה,ז,110,16,1
2,גואל פינטו,40,גרוש,תל אביב,ז,110,16,1
2,איילה רשף,25,רווקה,ראש העין,נ,98,15,1
2,סתיו וקנין,25,רווקה,רמלה,נ,38,6,1
2,סער שיינפיין,37,רווק,תל אביב,ז,110,16,1
2,פותנה ג'אבר,37,נשואה+2,תל אביב,נ,110,16,1
2,עדנה קנטי,55,נשואה+2,הוד השרון,נ,78,12,7
2,הילה איפרגן,25,גרושה+1,פתח תקווה,נ,91,14,7
2,תומר לנצמן,24,רווק,גבעתיים,ז,70,11,7
2,תמרה חיימוב,36,גרושה+1,תל אביב,נ,56,9,7
2,דנה רחמימוב,25,רווקה,קיסריה,נ,56,9,7
2,בירדי בל,24,רווקה,ניו יורק,נ,5,1,1
עונה,שם מלא,גיל,סטטוס,עיר מגורים,מין,Days in game,week eliminated,entered week
3,רינת גיטר,21,רווקה,פתח תקווה,נ,39,6,1
3,שירן גיטר,21,רווקה,פתח תקווה,נ,39,6,1
3,יגאל אלנקרי,50,גרוש+1,רמת גן,ז,32,5,1
3,ליהיא גרינר,26,מאורסת,לוס אנג'לס,נ,109,15,1
3,"יעקב ""ג'קי"" מנחם",22,רווק,רמת גן,ז,109,15,1
3,פרידה הכט,46,רווקה+1,תל אביב,נ,102,15,1
3,יואב מאור,21,רווק,תל אביב,ז,60,9,1
3,סיון אברהמי,26,רווקה,אור יהודה,נ,109,15,1
3,עמיר גולדברג,28,רווק,תל אביב,ז,109,15,1
3,דנה רון,38,"גרושה+2, בזוגיות",תל אביב,נ,67,10,1
3,יורם כהן,49,נשוי+8,עפרה,ז,22,4,1
3,נופר מור,22,רווקה,תל אביב,נ,109,15,1
3,אלעד צפני,21,רווק,תל אביב,ז,95,14,1
3,סיון דרור,28,גרושה+1,חיפה,נ,11,2,1
3,לי עוז כהן,25,רווק,תל אביב,ז,99,14,1
3,ליאם רז,27,רווקה,חיפה,נ,46,7,1
3,עתי שולברג,27,רווק,מודיעין,ז,60,9,1
3,רם פרייס סיטון,26,רווק,נתניה,ז,74,11,7
3,מרב בטיטו,41,נשואה בשנית+5,רעננה,נ,81,12,7
3,תומר זריהן,34,רווק,תל אביב,ז,88,13,7
3,הילה אקראי,25,רווקה,תל אביב,נ,88,13,7
3,אבירם בן שושן,30,מאורס,לוס אנג'לס,ז,53,8,7
3,לידיה נובארו,24,רווקה+1,פלמה דה מיורקה,נ,5,1,1
עונה,שם מלא,גיל,סטטוס,עיר מגורים,מין,Days in game,week eliminated,entered week
4,יעל ברון,47,גרושה בשלישית+2,תל אביב,נ,57,8,1
4,יוסי סרור,54,גרוש+2,קריית אתא,ז,38,6,1
4,קים רטוש,32,רווק,קריית חיים,ז,31,5,1
4,אביבית בר זוהר,29,רווקה,רחובות,נ,87,13,1
4,שי רגב,34,רווק,תל אביב,ז,45,7,1
4,יאנה יוסף,23,רווקה,תל אביב,נ,93,13,1
4,סער סקלי,27,בזוגיות,תל אביב,ז,93,13,1
4,ערן טרטאקובסקי,30,רווק,באר שבע,ז,80,12,1
4,"ברוריה ""ברי"" סימון זהר",52,נשואה בשביעית+1,חיפה,נ,17,3,1
4,תמיר ורדי,36,רווק,תל אביב,ז,93,13,1
4,"יקותיאל ""קותי"" סבג",29,רווק,בית שמש,ז,93,13,1
4,שרי שימחוב,23,רווקה,תל אביב,נ,93,13,1
4,סופי קרבצקי,26,בזוגיות,תל אביב,נ,80,12,1
4,איתם ישראלי,27,רווק,תל אביב,ז,66,10,1
4,זיוה כהן בהנם,34,נשואה+3,ניו יורק,נ,17,3,1
4,בטי עזרן קפרא,29,נשואה,רחובות,נ,10,2,1
4,דודו קפרא,34,נשוי,רחובות,ז,19,4,1
4,אביב זילבר,25,רווק,נתניה,ז,24,5,4
4,עינב ויינר,28,נשואה,גאולים,נ,66,10,7
4,צבי פורטל,34,רווק,תל אביב,ז,73,11,7
4,לירון זהבי,32,גרושה+1,חולון,נ,59,9,7
4,ויקטוריה אירולוג'י,18,רווקה,מאר דל פלאטה,נ,5,1,1
עונה,שם מלא,גיל,סטטוס,עיר מגורים,מין,Days in game,week eliminated,entered week
5,אבי לוי,57,נשוי+2,טבריה,ז,108,16,1
5,דורין סגול,32,נשואה+3,חולון,נ,101,15,1
5,ענת צאיג,39,רווקה,תל אביב,נ,73,11,1
5,דני רייכנטל,46,גרוש+1,תל אביב,ז,9,2,1
5,פאולינה אלברשטיין,28,רווקה,תל אביב,נ,44,7,1
5,לאון שוובסקי,27,רווק,רמת גן,ז,115,16,1
5,דנה רן,40,גרושה בשנית+5,קריית טבעון,נ,38,6,1
5,בני גולדשטיין,35,גרוש+3,אשקלון,ז,24,4,1
5,"לבנה ""זוהרים"" גוגמן",29,רווקה,תל אביב,נ,115,16,1
5,"אהרון ""ביז'ו"" צאצאשווילי",36,נשוי+1,קריית חיים,ז,94,14,1
5,שלי ורוד,35,רווקה,לוס אנג'לס,נ,52,8,1
5,יניב שמואל אויזרץ,32,רווק,חיפה,ז,94,14,1
5,טהוניה רובל,25,רווקה,בית שמש,נ,115,16,1
5,קרין בן גלים,23,בזוגיות,קריית ביאליק,נ,6,2,1
5,דור דמרי,23,רווק,פתח תקווה,ז,115,16,1
5,מירי חן,48,גרושה+2,חיפה,נ,17,3,1
5,רוני מיילי,56,נשוי+3,פרדס כץ,ז,15,3,1
5,גילי מיילי,37,נשוי+2,פתח תקווה,ז,57,9,1
5,דידי לוזון,27,נשואה,ראשון לציון,נ,87,13,9
5,איתי וולך,25,רווק,תל אביב,ז,115,16,9
5,ירדן עוז,21,רווקה,רמת גן,נ,108,16,9
5,מוטי גלזר,62,גרוש,תל אביב,ז,80,12,9
5,אור דניאל,24,רווקה,תל אביב,נ,87,13,9
עונה,שם מלא,גיל,סטטוס,עיר מגורים,מין,Days in game,week eliminated,entered week
6,אחי נתן,25,רווק,קריית שמונה,ז,102,15,1
6,דנית גרינברג,22,רווקה,פתח תקווה,נ,109,15,1
6,"מיכאל ""מיקי"" הירשמן (מיקיאגי)",46,רווק,מושב עולש,ז,88,13,1
6,לינור שפר,28,רווקה,ניו יורק,נ,109,15,1
6,צחי אשכנזי,34,גרוש+1,לוד,ז,74,11,1
6,"אלעד ""נסיך"" מזרחי",27,רווק,נתניה,ז,18,3,1
6,טל גלבוע,36,נשואה+3,כפר סבא,נ,109,15,1
6,אורטל בן דיין,33,בזוגיות,תל אביב,נ,25,4,1
6,דורון מירן,51,נשוי+3,בית שאן,ז,39,6,1
6,קארין זלאיט,27,רווקה,תל אביב,נ,32,5,1
6,אורטל גושן,22,רווקה,לוד,נ,78,12,1
6,אליאב אוזן,31,רווק,תל אביב,ז,95,14,1
6,אנה בול,26,רווקה,תל אביב,נ,46,7,1
6,מרטין סולל,58,"גרושה+1, בזוגיות",פריז,נ,102,15,1
6,אלדד גל-עד,31,רווק,תל אביב,ז,109,15,1
6,עינב בובליל,29,נשואה+3,אשקלון,נ (מהעונה הראשונה),95,14,7
6,מנחם בן,65,נשוי בשנית+6,נופים,ז (מהעונה הראשונה (VIP,67,10,7
6,נופר מור,25,רווקה,תל אביב,נ (מהעונה השלישית),109,15,7
6,בני גולדשטיין,37,גרוש+3,אשקלון,ז (מהעונה החמישית),53,8,7
6,אורטל גושן,22,רווקה,לוד,נ (מאותה עונה),78,12,1
6,יאיר קידר,27,רווק,"כרם מהר""ל",ז,5,1,1
עונה,שם מלא,גיל,סטטוס,עיר מגורים,מין,Days in game,week eliminated,entered week
2VIP,שיר אלמליח,25,בזוגיות,ניו יורק,נ,38,5,1
2VIP,מושיק עפיה,40,גרוש,חולון,ז,38,5,1
2VIP,אריאנה מלמד,57,גרושה+2,רחובות,נ,10,2,1
2VIP,קטיה גאלי,42,גרושה,חיפה,נ,17,3,1
2VIP,איציק זוהר,44,גרוש+2,בת ים,ז,38,5,1
2VIP,"ניר ""נירו"" לוי",46,גרוש בשנית+2,תל אביב,ז,38,5,1
2VIP,נטלי עטיה,40,גרושה+2,תל אביב,נ,24,4,1
2VIP,ישראל גודוביץ',81,נשוי+2,תל אביב,ז,10,2,1
2VIP,רתם איזק,29,רווקה,תל אביב,נ,31,5,1
2VIP,מוטי גלעדי,68,"אלמן+3, גרוש+1",קיסריה,ז,36,5,1
2VIP,סתיו סטרשקו,22,רווקה,רמת גן,נ,36,5,1
2VIP,סטלה עמר,40,נשואה,ארצות הברית,נ,38,5,1
עונה,שם מלא,גיל,סטטוס,עיר מגורים,מין,Days in game,week eliminated,entered week
7,דודו כהן,33,רווק,עפולה,ז,113,16,1
7,תמר שילה,30,רווקה,קדומים,נ,32,5,1
7,סלים מרעי,40,רווק,תל אביב,ז,25,4,1
7,עומר קינן,22,רווקה,קדימה-צורן,נ,18,3,1
7,שי חי,32,"גרוש+2, בזוגיות עם תניה",הרצליה,ז,87,13,1
7,קסניה טרנטול,28,רווקה,לוד,נ,109,16,1
7,גיל אלמוג,27,רווק,תל אביב,ז,39,6,1
7,פלורי אלקסלסי,38,רווקה,בית שאן,נ,56,8,1
7,עמרי בן- נתן,29,רווק,שוהם,ז,113,16,1
7,שי-מיקה יפרח,23,רווקה,קצרין,נ,113,16,1
7,ברק אדרי,25,רווק,קיבוץ צרעה,ז,113,16,1
7,"קורין ""קוקו"" אביסדריס",29,רווקה,ירושלים,נ,46,7,1
7,מייקל אלרואי,25,רווק,חדרה,ז,60,9,1
7,גילי כהן,42,נשוי+2,חולון,ז,39,6,1
7,אור סיונוב,35,רווקה,ניו יורק,נ,95,14,1
7,אילנה כספוב,54,נשואה+2,נהריה,נ,11,2,1
7,ארבל קינן,22,רווקה,תל אביב,נ,74,10,4
7,תניה (תני) גרבר,23,בזוגיות עם שי-חי,רמת השרון,נ,87,13,4
7,אסתי לי פז,29,רווקה,נתניה,נ,67,10,8
7,רינת פליישר,45,גרושה+1,ראשון לציון,נ,81,12,8
7,שחר חפץ,35,רווק,גדרה,ז,61,9,8
7,איציק כרסנטי,46,גרוש בשנית+4,חיפה,ז,87,13,8
עונה,שם מלא,גיל,סטטוס,עיר מגורים,מין,Days in game,week eliminated,entered week
8,שמוליק ספן,58,נשוי+2,גבעתיים,ז,31,5,1
8,כוכב ספן,57,נשואה בשנית+4,גבעתיים,נ,31,5,1
8,חיים שועי,26,בזוגיות,בית שאן,ז,101,14,1
8,אסתר ליברזון נמר,36,נשואה בשנית+3,כפר סבא,נ,10,2,1
8,שם ברדוגו,30,בזוגיות,תל אביב,ז,66,10,1
8,מעיין אשכנזי,25,רווקה,הרצליה,נ,101,14,1
8,אנדל קבדה,25,רווק,אשדוד,ז,80,12,1
8,עדן סבן,21,רווקה,אשדוד,נ,80,12,1
8,אביחי אוחנה,27,רווק,אילת,ז,101,14,1
8,תהילה אסודרי,32,בזוגיות,רמת גן,נ,17,3,1
8,חזי חיים,36,רווק,תל אביב,ז,24,4,1
8,תאלין אבו חנא,22,בזוגיות,תל אביב,נ,52,8,1
8,דן רושנסקי,28,רווק,תל אביב,ז,94,14,1
8,אורנה דנינו,37,גרושה+2,פתח תקווה,נ,99,14,1
8,שני גולדשטיין,25,רווקה,תל אביב,נ,101,14,1
8,ג'ודי עמר,24,רווקה,ירושלים,נ,28,13,9
8,שרון גל,42,גרוש+2,גבעת שמואל,ז,101,14,9
8,אנסטסיה טל,23,רווקה+1,נתניה,נ,14,11,9
8,עומר גורדון,36,גרוש,חיפה,ז,35,14,9
עונה,שם מלא,גיל,סטטוס,עיר מגורים,מין,Days in game,week eliminated,entered week
9,אליאב רחמים,22,רווק,קריית גת,ז,120,15,1
9,לירז אסייג,35,גרושה,פתח תקווה,נ,65,9,1
9,ישראל אוגלבו,27,רווק,תל אביב,ז,120,15,1
9,מגי טביבי,24,בזוגיות,חולון,נ,58,8,1
9,מירב ישראל,38,נשואה+2,נתניה,נ,120,15,1
9,רועי קורנבלום,23,רווק,הוד השרון,ז,113,15,1
9,מריה דומרק,22,בזוגיות,קריית אונו,נ,120,15,1
9,אילן קורן,56,נשוי+3,כפר סבא,ז,19,3,1
9,שמס מרעי אבומוך,35,נשואה+3,באקה אל גרבייה,נ,30,4,1
9,אינה סטיוארט,32,רווקה,תל אביב,נ,12,2,1
9,תמי מונטג,28,גרושה+1,רמת גן,נ,35,5,1
9,טאי שרקי,25,רווק,הרצליה,ז,10,2,1
9,סמואל חגאי,35,גרוש,ניו יורק,ז,36,5,1
9,אורלי יחזקאל,58,נשואה+1,בת ים,נ,40,6,1
9,תומר רוטשילד,25,בזוגיות,תל אביב,ז,80,11,1
9,לירון אופיר,25,בזוגיות,חיפה,ז,43,6,1
9,סימה מיימון בכר,42,נשואה+3,מיאמי,נ,92,12,1
9,אביבית בר זוהר,36,רווקה,תל אביב,נ,85,15,6
9,אדל בספלוב,25,בזוגיות,תל אביב,נ,78,15,6
9,אלי זרקה,30,רווק,קוסטה ריקה,ז,48,13,8
9,דניאל גרינברג,24,רווקה,מיתר,נ,54,14,8
9,"משה ""מושיקו"" פסל",28,בזוגיות,גבעתיים,ז,33,11,8
9,עמוס חלפון,55,נשוי בשלישית+4,נופך,ז,47,13,8
9,בר סנדלר,24,רווקה,ראשון לציון,נ,23,10,8
9,נטע ברזני,20,רווקה,ירושלים,נ,5,7,6
9,"לירון ""טילטיל"" אורפלי",43,נשוי+2,תל אביב,ז,5,7,6
9,עמרי בן נתן,32,רווק,קריית אונו,ז,5,7,6
עונה,שם מלא,גיל,סטטוס,עיר מגורים,מין,Days in game,week eliminated,entered week
3VIP,עדי לאון,43,נשוי+3,חולון,ז,50,7,1
3VIP,הישאם סלימאן,41,נשוי+3,נוף הגליל,ז,40,6,1
3VIP,אורלי רביבו,42,רווקה,תל אביב,נ,47,7,1
3VIP,בן זיני,22,בזוגיות,תל אביב,ז,50,7,1
3VIP,נרי ליבנה,65,גרושה+3,תל אביב,נ,36,6,1
3VIP,אביבה תבורי,45,גרושה+4,תל אביב,נ,23,4,1
3VIP,לירן שטראובר,44,גרוש בשנית+3,יגל,ז,43,7,1
3VIP,עדן יוחנן,29,רווקה,תל אביב,נ,33,5,1
3VIP,אסף גורן,27,רווק,לוס אנג'לס,ז,50,7,1
3VIP,ויקי כנפו,59,גרושה+3,מצפה רמון,נ,47,7,1
3VIP,רומי נסט,22,רווקה,רמת השרון,נ,15,3,1
3VIP,גילי מוסינזון,40,גרוש+2,תל אביב,ז,8,2,1
3VIP,נטלי דדון,35,רווקה+1,תל אביב,נ,50,7,1
3VIP,אורי גרוס,44,בזוגיות+2,תל אביב,ז,29,5,1
3VIP,שי חי,35,נשוי בשנית+2,רמת השרון,ז,50,7,1
עונה,שם מלא,גיל,סטטוס,עיר מגורים,מין,Days in game,week eliminated,entered week
10,חגית היימן,36,רווקה,הרצליה,נ,67,10,1
10,ליאור דואק,28,רווק,הרצליה פיתוח,ז,88,13,1
10,תקווה גדעון,31,רווקה,חולון,נ,95,14,1
10,יוסי אורפלי,67,נשוי+1,תל אביב,ז,92,13,1
10,מישל מיכייב,21,בזוגיות,רמת גן,נ,18,3,1
10,יעל פפר,46,רווקה+8,גדרה,נ,25,4,1
10,ירדן אדרי,26,רווקה,קריית מוצקין,נ,95,14,1
10,אדם אליוף,22,רווק,תל אביב,ז,93,14,1
10,רונן פייגנבוים,44,נשוי+3,הוד השרון,ז,39,6,1
10,ניר אבישי כהן,38,רווק,אלמגור,ז,86,12,1
10,אמלי פרי,34,גרושה מאורסת+3,נתניה,נ,44,7,1
10,גדי פניבילוב,22,נשוי+1,קריית חיים,ז,95,14,1
10,רות אלבז,31,רווקה,תל אביב,נ,32,5,1
10,אסיף אלקיים,28,רווק,פוריה,ז,95,14,1
10,אודליה סוויסה,34,נשואה+4,ירוחם,נ,46,14,7
10,כפיר כהן,34,רווק,תל אביב,ז,11,9,7
10,אלון וולקוביצקי,47,רווק,פתח תקווה,ז,5,7,7
10,שירלי סידיק,25,רווקה,תל אביב,נ,32,12,7
10,פול טשגיאן,26,רווק,חיפה,ז,25,11,7
10,נועם לוי,22,רווקה,גני תקווה,נ,13,9,7
10,אורן חזן,38,נשוי+2,אריאל,ז,5,1,1
עונה,שם מלא,גיל,סטטוס,עיר מגורים,מין,Days in game,week eliminated,entered week
11,"יחזקאל ""בגדדי"" צור",65,נשוי+2,רחובות,ז,8,2,1
11,ליאור כלפון,47,נשוי+4,בנימינה- בגעת עדה,ז,99,15,1
11,גל גברעם,19,רווקה,נתניה,נ,71,11,1
11,שולה זקן,63,נשואה+3,ירושלים,נ,27,5,1
11,דרור קונטנטו,34,"גרוש+1, בזוגיות",יפו,ז,81,12,1
11,"יונתן ""ג'וזי"" זירה",33,רווק,תל אביב,ז,108,16,1
11,קארין עליה,22,רווקה,קריית גת,נ,108,16,1
11,רמי ורד,57,גרוש+3,פתח תקווה,ז,106,16,1
11,מור לרמן,33,בזוגיות,רמת גן,נ,22,4,1
11,זהבה בן,52,גרושה+1,ראשון לציון,נ,108,16,1
11,אילון אקון,31,נשוי,הרצליה,ז,43,7,1
11,ימית אברמוב,38,נשואה+2,ירושלים,נ,50,8,1
11,לינור סביניק,25,גרושה,אזור,נ,78,12,1
11,תום חיימוב,33,רווק,תל אביב,ז,108,16,1
11,דיוויד דימוס,35,רווק,אילת,ז,15,3,1
11,אלימלך קשתי,36,גרוש בשנית+2,תל אביב,ז,5,1,1
11,יהודה יצחקוב,31,רווק,חולון,ז,90,13,1
11,רונית לוי,51,גרושה+2,עפולה,נ,36,6,1
11,אורן אסידו,27,נשוי+1,כפר סבא,ז,56,16,9
11,דלית דוידוב,37,נשואה+2,חולון,נ,12,10,9
11,דניאל לוין,32,רווק,תל אביב,ז,52,15,9
11,אופיר לוי,48,גרוש+3,ראש העין,ז,33,13,9
11,אלמוג חדד,25,רווקה,ראשון לציון,נ,56,16,9
11,נועה יונני,31,רווקה,תל אביב,נ,26,11,9
עונה,שם מלא,גיל,סטטוס,עיר מגורים,מין,Days in game,week eliminated,entered week
4VIP,"יעקב ""ג'קי"" מנחם",33,נשוי+1,רמת גן,ז,7,1,1
4VIP,אור שפיץ,24,רווקה,תל אביב,נ,54,9,1
4VIP,מאיה בצלאל,37,נשואה+2,תל אביב,נ,33,6,1
4VIP,עומר ברזני,30,בזוגיות,ירושלים,ז,57,9,1
4VIP,אייל ברקובר,30,רווק,תל אביב,ז,27,5,1
4VIP,רומי גיאור,23,רווקה,רמת השרון,נ,45,7,1
4VIP,מירי כהן,50,נשואה+4,גבעת אולגה,נ,47,8,1
4VIP,תמיר ורדי,46,רווק+2,יהוד,ז,57,9,1
4VIP,"יעקב ""ג'קו"" אייזנברג",40,רווק,נתניה,ז,40,7,1
4VIP,רועי לולו,46,רווק,תל אביב,ז,16,2,1
4VIP,ציפי רומנו,41,מאורסת+2,רמת השרון,נ,24,4,1
4VIP,שרית פולק,30,נשואה,חיפה,נ,57,9,1
4VIP,טיטי איינאו,30,בזוגיות,תל אביב,נ,52,8,1
4VIP,אורן חזן,39,נשוי+2,מעלה אדומים,ז,57,9,1
4VIP,דנה רון,49,בזוגיות+2,תל אביב,נ,19,3,1
4VIP,דנית גרינברג,29,מאורסת,פתח תקווה,נ,5,6,5
עונה,שם מלא,גיל,סטטוס,עיר מגורים,מין,Days in game,week eliminated,entered week
12,קאזם חלילה,28,רווק,תל אביב,ז,89,14,1
12,דינה ערמי שמחי,58,גרושה+5,ראש העין,נ,68,11,1
12,דיאן שוורץ,23,רווקה,תל אביב,נ,55,9,1
12,נתנאל רודניצקי,31,רווק,רמת גן,ז,103,15,1
12,מרינה קוזנצובה,20,בזוגיות,גבעתיים,נ,82,13,1
12,אליאב טעטי,32,רווק,ראשון לציון,ז,33,6,1
12,ריוואה רסלאן,26,רווקה,קריית שמונה,נ,96,15,1
12,שחף רז,34,רווק,תל אביב,ז,103,15,1
12,שרין טובה אברהם,30,רווקה,תל אביב,נ,82,13,1
12,אופק לוי,21,רווק,תל אביב,ז,82,13,1
12,בר נעה כהן,32,רווקה+1,ירושלים,נ,103,15,1
12,דניאל מלכה,22,רווק,תל אביב,ז,94,14,1
12,רחל בורטה,70,גרושה+2,תל אביב,נ,12,3,1
12,אילנה טרננקו,31,רווקה+1,חיפה,נ,103,15,1
12,דיאנה טרננקו,32,רווקה+1,חיפה,נ,26,5,1
12,שרון בניפוסי,27,רווק,בית שאן,ז,40,7,1
12,טליה עובדיה,29,רווקה,ראשון לציון,נ,103,15,1
12,עמרי אלפיה,26,רווק,תל אביב,ז,19,4,2
12,דנה אמסלם,23,רווקה,חיפה,נ,17,10,7
12,דוד מהצרי,63,נשוי בשנית+4,בית עריף,ז,21,10,7
12,ליה טאי אהרוני,25,בזוגיות,פתח תקווה,נ,30,12,7
12,לירן רוזן,31,רווקה,תל אביב,נ,21,10,7
12,משה קוגמן,31,גרוש+1,באר שבע,ז,42,13,8
12,דרור רוקנשטיין,45,גרוש+1,גן יבנה,ז,51,15,9
עונה,שם מלא,גיל,סטטוס,עיר מגורים,מין,Days in game,week eliminated,entered week
13,"יעקב ""יענקי"" גולדהבר",20,רווק,בני ברק,ז,104,16,1
13,יובל מעתוק,28,רווקה,תל אביב,נ,104,16,1
13,שניר ניסים בורגיל,27,רווק,עומר,ז,104,16,1
13,ניקול אורי בוטביניק,21,רווקה,נשר,נ,54,9,1
13,רוי רייניש,26,רווק,תל אביב,ז,13,3,1
13,גיא איתן,33,רווק,תל אביב,ז,35,7,1
13,אתי ייטב,68,נשואה+3,מנחמיה,נ,75,12,1
13,לין אלפי,21,רווקה+1,הרצליה,נ,46,8,1
13,אברהם אקלום,27,רווק,טירת הכרמל,ז,100,16,1
13,גל קספרס,37,גרושה+3,הרצליה,נ,26,5,1
13,לרה מטודי,55,גרושה+3,אשקלון,נ,41,8,1
13,יובל לוי,32,רווקה,יפו,נ,69,11,1
13,עידן מורד,26,רווק,חיפה,ז,19,4,1
13,שי עפרי,23,רווקה,ראשון לציון,נ,96,15,1
13,בן ויארניק,32,נשוי+2,אלפי מנשה,ז,56,10,1
13,סתיו קצין,33,גרושה+2,אריאל,נ,104,16,1
13,ספיר בורגיל,30,רווקה,עומר,נ,82,13,1
13,אלון חובל,24,רווק,אשדוד,ז,33,6,1
13,מאיה גרוסמן,24,רווקה,רעננה,נ,12,3,1
13,אורי כהן,33,רווק+1,ראש העין,ז,40,12,6
13,ליאל נועם קוצרי,28,רווק,תל אביב,ז,59,16,8
13,דנה משה,21,רווקה,בית שאן,נ,20,10,8
13,עדן שבירו,23,רווקה,חולון,נ,44,14,8
13,שיר צרפתי,24,רווקה,קריית גת,נ,30,12,8
13,ריקי רוטר,25,בזוגיות,בת ים,נ,16,10,8
13,יאיר שלמה כמכאג'י,30,רווק,הרצליה,ז,23,11,8
13,אורי נגר,31,גרוש+2,מיתר,ז,39,14,8
עונה,שם מלא,גיל,סטטוס,עיר מגורים,מין,Days in game,week eliminated,entered week
14,חיים טויטו,29,רווק,נתניה,ז,88,13,1
14,עידן גלפר,29,רווק,אשדוד,ז,77,12,1
14,קורלי יסמין לרוסה,31,רווקה,תל אביב,נ,58,9,1
14,פרידה זיו עוזיאל,25,רווקה,תל אביב,נ,112,16,1
14,ברק מדר,24,בזוגיות,נתיבות,ז,32,6,1
14,נועם מדר,24,רווק,נתיבות,ז,112,16,1
14,הדר שירי,24,רווקה,רמת גן,נ,112,16,1
14,דני צ'ירבוננקו,29,רווק,חיפה,ז,109,16,1
14,בן אדם,35,רווק,תל אביב,ז,49,8,1
14,אור בן דוד,29,גרוש בזוגיות+1,ראשון לציון,ז,112,16,1
14,אמילי קופר,21,רווקה,אשדוד,נ,91,14,1
14,דנה בן שושן,41,נשואה+4,אילון,נ,25,4,1
14,תום ברכה,41,רווק,תל אביב,ז,21,4,1
14,דינור אבשייב,26,רווקה,נתניה,נ,8,2,1
14,לירון טנג'י,31,גרושה בזוגיות+1,אשקלון,נ,16,3,1
14,אורית ג'ודי טנג'י,61,נשואה+3,אשקלון,נ,28,5,1
14,יהב ארהבור,26,רווק,רמלה,ז,36,6,1
14,יוסי פריאנטי,29,נשוי+1,לוד,ז,112,16,1
14,עינב שרי,24,בזוגיות,תל מונד,נ,84,13,1
14,מלאני למברסקי,24,בזוגיות,חיפה,נ,103,15,4
14,צחי פלג,50,נשוי+3,כפר יונה,ז,42,7,6
14,מלי קליגר,23,גרושה,ביתר עילית,נ,49,7,6
14,קרן אוזן,25,בזוגיות,סביון,נ,63,10,8
14,איציק עמרם,39,נשוי+3,אריאל,ז,70,11,8
14,שילה שלום,27,רווק,תל אביב,ז,98,15,8
14,מיכל מושיוב,35,גרושה,הרצליה,נ,102,15,8
14,דרק ג'וניור (די ג'יי) שארפ,27,רווק,הרצליה,ז,105,16,8
עונה,שם מלא,גיל,סטטוס,עיר מגורים,מין,Days in game,week eliminated,entered week
15,שלי סנדרוב,19,רווקה,אשדוד,נ,,,1
15,דרור קליר,55,רווק,ראשון לציון,ז,,,1
15,טל אהרון קאופמן,31,רווק,רחובות ,ז,,,1
15,מאור ברוכמן ,35,גרושה + 2,תל אביב,נ,,,1
15,ארז מוגרבי,29,נשוי + 1 ,בת ים,ז,,,1
15,מאי ערב,19,רווקה,יבנה,נ,,,1
15,ארז איסקוב,28,רווק,אור עקיבא,ז,,,1
15,תרצה כהן,23,רווקה,ירושלים,נ,,,1
15,חן קראוניק,23,רווק,בארי,ז,,,1
15,לורן גוזלן,30,נשואה,רמלה,נ,,,1
15,גלעד פרץ,35,גרוש + 3,לוס אנג'לס,ז,,,1
15,אלאיה הוף,27,רווקה,תל אביב,נ,,,1
15,נתנאל דהאן,26,רווק,אילת,ז,,,1
15,שאול חכם ,27,רווק,באר שבע,ז,,,2
15,שני אדרי,34,גרושה + 2,דימונה,נ,,,2
15,אנה סופיה קלמן,22,רווקה,זיכרון יעקב,נ,,,2
15,יובל לוי,27,רווק,ברקן,ז,,,2
15,שלי אבנשטיין ,28,רווקה,תל אביב,נ,,,2
15,ירדן אדרי,31,רווקה,קריית מוצקין ,נ,,,2
15,יוסי בובליל,71,נשוי + 3,אשקלון,ז,,,3